TASK_NO,ID,SUBMIT_CONTENT,SUBMIT_DATE,MODIFY_DATE,STATUS
1,USER05,,,,N
1,USER07,,,,N
1,USER11,,,,N
1,TEST04,,,,N
1,USER01,,,,N
2,USER05,,,,N
2,USER07,,,,N
2,USER11,,,,N
2,TEST04,,,,N
2,USER01,,,,N
3,USER05,,,,N
3,USER07,,,,N
3,USER11,,,,N
3,TEST04,,,,N
3,USER01,,,,N
4,USER05,,,,N
4,USER07,,,,N
4,USER11,,,,N
4,TEST04,,,,N
4,USER01,,,,N
5,USER05,,,,N
5,USER07,,,,N
5,USER11,,,,N
5,TEST04,,,,N
5,USER01,,,,N
6,USER05,,,,N
6,USER07,,,,N
6,USER11,,,,N
6,TEST04,,,,N
6,USER01,,,,N
7,USER05,,,,N
7,USER07,,,,N
7,USER11,,,,N
7,TEST04,,,,N
7,USER01,,,,N
8,USER05,,,,N
8,USER07,,,,N
8,USER11,,,,N
8,TEST04,,,,N
8,USER01,,,,N
9,USER05,,,,N
9,USER07,,,,N
9,USER11,,,,N
9,TEST04,,,,N
9,USER01,,,,N
10,USER05,,,,N
10,USER07,,,,N
10,USER11,,,,N
10,TEST04,,,,N
10,USER01,,,,N
11,USER05,,,,N
11,USER07,,,,N
11,USER11,,,,N
11,TEST04,,,,N
11,USER01,,,,N